date,visitors,is_weekend,is_feriado
2025-01-01,220,1,1
2025-01-02,190,1,0
2025-01-03,170,0,0
2025-01-04,165,0,0
2025-01-05,175,0,0
2025-01-06,210,1,0
2025-01-07,230,1,0
2025-01-08,180,0,0
2025-01-09,160,0,0
2025-01-10,155,0,0
2025-01-11,170,0,0
2025-01-12,205,1,0
2025-01-13,240,1,0
2025-01-14,185,0,0
2025-01-15,170,0,0
2025-01-16,170,0,0
2025-01-17,165,0,0
2025-01-18,215,1,0
2025-01-19,235,1,0
2025-01-20,180,0,0
2025-01-21,175,0,0
2025-01-22,168,0,0
2025-01-23,175,0,0
2025-01-24,210,1,0
2025-01-25,245,1,0
2025-01-26,195,0,0
2025-01-27,172,0,0
2025-01-28,173,0,0
2025-01-29,180,0,0
2025-01-30,225,1,0
2025-01-31,250,1,0
2025-02-01,200,0,0
2025-02-02,175,0,0
2025-02-03,165,0,0
2025-02-04,180,0,0
2025-02-05,215,1,0
2025-02-06,240,1,0
2025-02-07,185,0,0
2025-02-08,168,0,0
2025-02-09,165,0,0
2025-02-10,162,0,0
2025-02-11,210,1,0
2025-02-12,245,1,0
2025-02-13,190,0,0
2025-02-14,170,0,0
2025-02-15,175,0,0
2025-02-16,180,0,0
2025-02-17,220,1,0
2025-02-18,255,1,0
2025-02-19,195,0,0
2025-02-20,171,0,0
2025-02-21,170,0,0
2025-02-22,176,0,0
2025-02-23,215,1,0
2025-02-24,248,1,0
2025-02-25,190,0,0
2025-02-26,166,0,0
2025-02-27,164,0,0
2025-02-28,180,0,0
2025-03-01,220,1,0
2025-03-02,260,1,0
2025-03-03,200,0,0
2025-03-04,180,0,0
2025-03-05,174,0,0
2025-03-06,182,0,0
2025-03-07,208,1,0
2025-03-08,238,1,0
2025-03-09,188,0,0
2025-03-10,169,0,0
2025-03-11,168,0,0
2025-03-12,178,0,0
2025-03-13,212,1,0
2025-03-14,242,1,0
2025-03-15,196,0,0
2025-03-16,172,0,0
2025-03-17,171,0,0
2025-03-18,177,0,0
2025-03-19,214,1,0
2025-03-20,250,1,0
2025-03-21,198,0,0
2025-03-22,169,0,0
2025-03-23,167,0,0
2025-03-24,174,0,0
2025-03-25,218,1,0
2025-03-26,252,1,0
2025-03-27,202,0,0
2025-03-28,176,0,0
2025-03-29,170,0,0
2025-03-30,181,0,0
2025-03-31,220,1,0
2025-04-01,255,1,0
2025-04-02,205,0,0
2025-04-03,172,0,0
2025-04-04,170,0,0
2025-04-05,176,0,0
2025-04-06,215,1,0
2025-04-07,248,1,0
2025-04-08,198,0,0
2025-04-09,168,0,0
2025-04-10,170,0,0
2025-04-11,182,0,0
2025-04-12,222,1,0
2025-04-13,258,1,0
2025-04-14,206,0,0
2025-04-15,174,0,0
2025-04-16,171,0,0
2025-04-17,179,0,0
2025-04-18,220,1,0
2025-04-19,255,1,0
2025-04-20,202,0,0
2025-04-21,175,0,0
2025-04-22,175,0,0
2025-04-23,183,0,0
2025-04-24,220,1,0
2025-04-25,255,1,0
2025-04-26,204,0,0
2025-04-27,176,0,0
2025-04-28,173,0,0
2025-04-29,181,0,0
2025-04-30,221,1,0
2025-05-01,260,1,1
2025-05-02,205,0,0
2025-05-03,174,0,0
2025-05-04,172,0,0
2025-05-05,180,0,0
2025-05-06,220,1,0
2025-05-07,258,1,0
2025-05-08,205,0,0
2025-05-09,176,0,0
2025-05-10,175,0,0
2025-05-11,184,0,0
2025-05-12,223,1,0
2025-05-13,260,1,0
2025-05-14,205,0,0
2025-05-15,175,0,0
2025-05-16,180,0,0
2025-05-17,188,0,0
2025-05-18,228,1,0
2025-05-19,264,1,0
2025-05-20,205,0,0
2025-05-21,176,0,0
2025-05-22,176,0,0
2025-05-23,186,0,0
2025-05-24,228,1,0
2025-05-25,265,1,0
2025-05-26,206,0,0
2025-05-27,176,0,0
2025-05-28,178,0,0
2025-05-29,181,0,0
2025-05-30,229,1,0
2025-05-31,270,1,0
2025-06-01,208,0,0
2025-06-02,179,0,0
2025-06-03,178,0,0
2025-06-04,187,0,0
2025-06-05,230,1,0
2025-06-06,271,1,0
2025-06-07,211,0,0
2025-06-08,180,0,0
2025-06-09,181,0,0
2025-06-10,190,0,0
2025-06-11,230,1,0
2025-06-12,274,1,0
2025-06-13,212,0,0
2025-06-14,180,0,0
2025-06-15,182,0,0
2025-06-16,191,0,0
2025-06-17,232,1,0
2025-06-18,275,1,0
2025-06-19,214,0,0
2025-06-20,182,0,0
2025-06-21,183,0,0
2025-06-22,194,0,0
2025-06-23,234,1,0
2025-06-24,278,1,0
2025-06-25,214,0,0
2025-06-26,184,0,0
2025-06-27,184,0,0
2025-06-28,195,0,0
2025-06-29,235,1,0
2025-06-30,282,1,0
2025-07-01,218,0,0
2025-07-02,186,0,0
2025-07-03,185,0,0
2025-07-04,196,0,0
2025-07-05,237,1,0
2025-07-06,285,1,0
2025-07-07,220,0,0
2025-07-08,188,0,0
2025-07-09,188,0,0
2025-07-10,197,0,0
2025-07-11,240,1,0
2025-07-12,288,1,0
2025-07-13,220,0,0
2025-07-14,188,0,0
2025-07-15,188,0,0
2025-07-16,198,0,0
2025-07-17,242,1,0
2025-07-18,290,1,0
2025-07-19,223,0,0
2025-07-20,190,0,0
2025-07-21,189,0,0
2025-07-22,199,0,0
2025-07-23,244,1,0
2025-07-24,294,1,0
2025-07-25,224,0,0
2025-07-26,191,0,0
2025-07-27,190,0,0
2025-07-28,200,0,0
2025-07-29,246,1,0
2025-07-30,295,1,0
2025-07-31,226,0,0
2025-08-01,192,0,0
2025-08-02,191,0,0
2025-08-03,201,0,0
2025-08-04,247,1,0
2025-08-05,298,1,0
2025-08-06,225,0,0
2025-08-07,193,0,0
2025-08-08,192,0,0
2025-08-09,202,0,0
2025-08-10,250,1,0
2025-08-11,302,1,0
2025-08-12,228,0,0
2025-08-13,194,0,0
2025-08-14,193,0,0
2025-08-15,203,0,0
2025-08-16,252,1,0
2025-08-17,305,1,0
2025-08-18,229,0,0
2025-08-19,194,0,0
2025-08-20,193,0,0
2025-08-21,205,0,0
2025-08-22,255,1,0
2025-08-23,307,1,0
2025-08-24,230,0,0
2025-08-25,195,0,0
2025-08-26,195,0,0
2025-08-27,205,0,0
2025-08-28,257,1,0
2025-08-29,310,1,0
2025-08-30,232,0,0
2025-08-31,196,0,0
2025-09-01,197,0,0
2025-09-02,206,0,0
2025-09-03,259,1,0
2025-09-04,312,1,0
2025-09-05,234,0,0
2025-09-06,198,0,0
2025-09-07,198,0,0
2025-09-08,208,0,0
2025-09-09,260,1,0
2025-09-10,315,1,0
2025-09-11,235,0,0
2025-09-12,200,0,0
2025-09-13,200,0,0
2025-09-14,211,0,0
2025-09-15,262,1,0
2025-09-16,318,1,0
2025-09-17,237,0,0
2025-09-18,201,0,0
2025-09-19,201,0,0
2025-09-20,213,0,0
2025-09-21,265,1,0
2025-09-22,320,1,0
2025-09-23,238,0,0
2025-09-24,203,0,0
2025-09-25,202,0,0
2025-09-26,214,0,0
2025-09-27,268,1,0
2025-09-28,323,1,0
2025-09-29,240,0,0
2025-09-30,205,0,0
2025-10-01,206,0,0
2025-10-02,217,0,0
2025-10-03,272,1,0
2025-10-04,326,1,0
2025-10-05,242,0,0
2025-10-06,207,0,0
2025-10-07,208,0,0
2025-10-08,219,0,0
2025-10-09,276,1,0
2025-10-10,330,1,0
2025-10-11,243,0,0
2025-10-12,210,0,0
2025-10-13,211,0,0
2025-10-14,222,0,0
2025-10-15,280,1,0
2025-10-16,333,1,0
2025-10-17,245,0,0
2025-10-18,212,0,0
2025-10-19,212,0,0
2025-10-20,223,0,0
2025-10-21,283,1,0
2025-10-22,336,1,0
2025-10-23,246,0,0
2025-10-24,214,0,0
2025-10-25,214,0,0
2025-10-26,226,0,0
2025-10-27,286,1,0
2025-10-28,340,1,0
2025-10-29,248,0,0
2025-10-30,216,0,0
2025-10-31,216,0,0
2025-11-01,230,0,0
2025-11-02,232,1,0
2025-11-03,244,1,0
2025-11-04,210,0,0
2025-11-05,190,0,0
2025-11-06,190,0,0
2025-11-07,205,0,0
2025-11-08,218,1,0
2025-11-09,230,1,0
2025-11-10,200,0,0
2025-11-11,185,0,0
2025-11-12,184,0,0
2025-11-13,200,0,0
2025-11-14,214,1,0
2025-11-15,228,1,0
2025-11-16,198,0,0
2025-11-17,182,0,0
2025-11-18,182,0,0
2025-11-19,198,0,0
2025-11-20,212,1,0
2025-11-21,225,1,0
2025-11-22,196,0,0
2025-11-23,182,0,0
2025-11-24,181,0,0
2025-11-25,195,0,0
2025-11-26,210,1,0
2025-11-27,222,1,0
2025-11-28,194,0,0
2025-11-29,180,0,0
2025-11-30,179,0,0
2025-12-01,195,0,0
2025-12-02,210,1,0
2025-12-03,224,1,0
2025-12-04,192,0,0
2025-12-05,179,0,0
2025-12-06,180,0,0
2025-12-07,194,0,0
2025-12-08,208,1,0
2025-12-09,222,1,0
2025-12-10,190,0,0
2025-12-11,178,0,0
2025-12-12,178,0,0
2025-12-13,191,0,0
2025-12-14,206,1,0
2025-12-15,220,1,0
2025-12-16,188,0,0
2025-12-17,176,0,0
2025-12-18,176,0,0
2025-12-19,190,0,0
2025-12-20,204,1,0
2025-12-21,218,1,0
2025-12-22,186,0,0
2025-12-23,174,0,0
2025-12-24,175,0,0
2025-12-25,210,1,1
2025-12-26,220,1,0
2025-12-27,184,0,0
2025-12-28,172,0,0
2025-12-29,171,0,0
2025-12-30,186,0,0
2025-12-31,200,1,0
